Designator,Mid X,Mid Y,Layer,Rotation
C1,22.2000mm,10.2500mm,Top,0
C2,25.8000mm,10.2500mm,Top,0
C3,3.5000mm,24.4000mm,Top,0
C4,8.0000mm,28.0000mm,Top,90
C5,3.0000mm,51.4000mm,Top,90
C6,3.0000mm,47.8000mm,Top,90
C7,2.2000mm,35.6000mm,Top,0
C8,27.4000mm,44.2000mm,Top,0
C9,25.8000mm,31.7000mm,Top,90
D1,7.6000mm,3.5000mm,Top,90
D2,7.9000mm,22.0000mm,Top,0
D3,7.6000mm,10.5000mm,Top,90
D4,15.0000mm,31.8000mm,Top,0
J1,15.0000mm,3.7000mm,Top,180
J2,24.9000mm,17.5000mm,Top,180
MK1,27.3000mm,40.4000mm,Top,0
Q1,3.0000mm,20.8000mm,Top,270
R1,11.5000mm,10.9000mm,Top,0
R2,18.5000mm,10.9000mm,Top,0
R3,22.2000mm,8.1500mm,Top,0
R4,5.2000mm,9.5000mm,Top,90
R5,3.0000mm,18.0000mm,Top,0
R6,7.9000mm,19.6000mm,Top,0
R7,2.2000mm,37.8000mm,Top,0
R8,18.0000mm,31.7000mm,Top,90
R9,27.4000mm,37.0000mm,Top,0
R10,8.0000mm,31.7000mm,Top,90
R11,10.2000mm,31.7000mm,Top,90
R12,12.4000mm,31.7000mm,Top,90
R13,19.2000mm,14.4000mm,Top,90
R14,28.0000mm,31.7000mm,Top,90
R15,23.6000mm,31.7000mm,Top,90
R16,2.2000mm,14.0000mm,Top,0
R17,2.2000mm,11.8000mm,Top,0
R18,27.4000mm,46.4000mm,Top,0
R19,25.8000mm,8.1500mm,Top,0
SW1,15.0000mm,26.2000mm,Top,180
SW2,3.3000mm,3.0000mm,Top,0
U1,15.0000mm,47.2500mm,Top,0
U2,22.4000mm,4.0000mm,Top,0
U3,15.0000mm,13.8000mm,Top,0
U4,3.5000mm,27.5000mm,Top,270
