Comment,Designator,Footprint,LCSC
1u,"C1,C7",C_0805_2012Metric,C28323
10u,"C2,C3,C4",C_0805_2012Metric,C15850
22u,C5,C_0805_2012Metric,C45783
100n,"C6,C8,C9",C_0805_2012Metric,C49678
red,D1,LED_0805_2012Metric,C84256
RB168MM-40,D2,D_SOD-123F,C509936
SMF5.0A,D3,D_SOD-123F,C19077497
RGB,D4,LED_LiteOn_LTST-C19HE1WT,C458749
USB-C,J1,USB_C_Receptacle_HRO_TYPE-C-31-M-12,C165948
LiPo,J2,JST_PH_S2B-PH-SM4-TB_1x02-1MP_P2.00mm_Horizontal,C295747
ICS-43434,MK1,InvenSense_ICS-43434-6_3.5x2.65mm,C5656610
AO3401A,Q1,SOT-23,C15127
5.1k,"R1,R2",R_0805_2012Metric,C27834
1M,"R13,R14,R15",R_0805_2012Metric,C17514
100k,"R5,R9,R16",R_0805_2012Metric,C149504
150k,R17,R_0805_2012Metric,C17470
0,R18,R_0805_2012Metric,C17477
4.3k,R19,R_0805_2012Metric,C17667
10k,"R3,R6,R7,R8",R_0805_2012Metric,C17414
1k,"R4,R10,R11,R12",R_0805_2012Metric,C17513
BUTTON,SW1,SW_Push_1TS009xxxx-xxxx-xxxx_6x6x5mm,C319409
RESET,SW2,SW_SPST_TS-1088-xR020,C720477
ESP32-S3-WROOM-1-N16R8,U1,ESP32-S3-WROOM-1_EPAD-Drill0.3,C2913202
TP4057,U2,SOT-23-6,C12044
H5VUT2U,U3,SOT-23,C20615824
HE9073A33M5R,U4,SOT-23-5,C723789
