# 16 MB flash (D-025, research/2026-09-29-esp32-firmware.md §3). Two OTA slots so a later
# network update needs no partition change; storage for recordings or logs (LittleFS).
# Name,    Type, SubType,  Offset,   Size
nvs,       data, nvs,      0x9000,   0x6000
otadata,   data, ota,      0xf000,   0x2000
phy_init,  data, phy,      0x11000,  0x1000
nvs_keys,  data, nvs_keys, 0x12000,  0x1000
ota_0,     app,  ota_0,    0x20000,  3M
ota_1,     app,  ota_1,    ,         3M
coredump,  data, coredump, ,         64K
storage,   data, littlefs, ,         0x9C0000
