Ref,Val,Package,PosX,PosY,Rot,Side
"C1","10u","C_0805_2012Metric",7.500000,18.200000,180.000000,top
"C2","1u","C_0805_2012Metric",11.000000,16.500000,90.000000,top
"C3","22u","C_0805_2012Metric",13.200000,41.000000,90.000000,top
"C4","100n","C_0805_2012Metric",13.200000,37.400000,90.000000,top
"C5","1u","C_0805_2012Metric",12.000000,31.000000,0.000000,top
"C6","100n","C_0805_2012Metric",46.500000,14.000000,0.000000,top
"D1","green","LED_0805_2012Metric",4.500000,11.000000,0.000000,top
"D2","red","LED_0805_2012Metric",37.500000,17.000000,0.000000,top
"D3","SMF5.0A","D_SOD-123F",17.000000,10.000000,90.000000,top
"F1","500mA","Fuse_1206_3216Metric",17.000000,15.000000,90.000000,top
"J1","USB-C","USB_C_Receptacle_HRO_TYPE-C-31-M-12",25.000000,3.700000,0.000000,top
"J2","Qwiic","JST_SH_SM04B-SRSS-TB_1x04-1MP_P1.00mm_Horizontal",46.300000,26.000000,90.000000,top
"R1","5.1k","R_0805_2012Metric",21.500000,11.000000,0.000000,top
"R2","5.1k","R_0805_2012Metric",28.500000,11.000000,0.000000,top
"R3","1k","R_0805_2012Metric",4.500000,13.500000,0.000000,top
"R4","10k","R_0805_2012Metric",12.000000,33.500000,0.000000,top
"R5","10k","R_0805_2012Metric",38.500000,10.500000,0.000000,top
"R6","1k","R_0805_2012Metric",37.500000,20.000000,0.000000,top
"R7","4.7k","R_0805_2012Metric",40.000000,34.500000,90.000000,top
"R8","4.7k","R_0805_2012Metric",42.200000,34.500000,90.000000,top
"SW1","RESET","SW_Push_1P1T_XKB_TS-1187A",11.500000,5.500000,0.000000,top
"SW2","BOOT","SW_Push_1P1T_XKB_TS-1187A",38.500000,5.500000,0.000000,top
"U1","ESP32-S3-WROOM-1-N16R8","ESP32-S3-WROOM-1",25.000000,37.250000,0.000000,top
"U2","LDL1117S33R","SOT-223-3_TabPin2",7.500000,24.000000,90.000000,top
"U3","H5VUT2U","SOT-23",25.000000,14.000000,90.000000,top
"U4","SHT40-AD1B","Sensirion_DFN-4_1.5x1.5mm_P0.8mm_SHT4x_NoCentralPad",46.500000,17.000000,-90.000000,top
